gvkey,datadate,fyear,indfmt,consol,popsrc,datafmt,tic,conm(Company name),curcd,fyr,act (current assets(total Million),ao (Assets other),aqc (Cash flow for acquisitions),at (assets total M),capx (Capital expenditure M),ceq (ordinary equity),cstk (Common ordinary stock capital M),dltt (Long term debt total M),dvt (dividends total common+preferred+shared apital),ebit (M),ebitda (M),epspi (earnings per share including spl items dividends Dollars and cents ),gp (Gross profit/loss M),Icapt (Invested capital),intan (intngible assets),ni (net income),ppent (Property plant and eqipments),revt (revenue in M),txc (Total taxes in M) ,txfed (federal income tax current M),wcap (total current assets-total liability=Working capital),xopr (Operating expenses total),mkvalt (Market value (Total fiscal)
1161,20101231,2010,INDL,C,D,STD,AMD,ADVANCED MICRO DEVICES,USD,12,3594,309,0,4964,148,1013,7,2188,0,492,809,0.66,3148,3201,360,471,700,6494,43,-4,1920,5685,5586.94
1161,20111231,2011,INDL,C,D,STD,AMD,ADVANCED MICRO DEVICES,USD,12,3229,241,0,4954,250,1590,7,1527,0,495,741,0.68,3186,3117,331,491,726,6568,2,-3,1455,5827,3769.2
1161,20121231,2012,INDL,C,D,STD,AMD,ADVANCED MICRO DEVICES,USD,12,2265,247,281,4000,133,538,7,2037,0,31,224,-1.6,2395,2575,649,-1183,658,5422,6,0,868,5198,1711.2
1161,20131231,2013,INDL,C,D,STD,AMD,ADVANCED MICRO DEVICES,USD,12,2884,106,0,4337,84,544,7,1998,0,85,242,-0.11,2117,2542,911,-83,346,5299,8,-2,1266,5057,2805.75
1161,20141231,2014,INDL,C,D,STD,AMD,ADVANCED MICRO DEVICES,USD,12,2736,125,0,3767,95,187,8,2035,0,149,278,-0.53,1954,2222,604,-403,302,5506,5,-1,1296,5228,2071.92
1161,20151231,2015,INDL,C,D,STD,AMD,ADVANCED MICRO DEVICES,USD,12,2320,134,0,3109,96,-412,8,2032,0,-319,-222,-0.84,1207,1620,467,-660,188,3991,15,-1,917,4213,2273.04
1161,20161231,2016,INDL,C,D,STD,AMD,ADVANCED MICRO DEVICES,USD,12,2530,47,0,3321,77,416,9,1435,0,-130,-59,-0.6,1409,1851,521,-497,164,4272,19,-2,1184,4331,10602.9
1161,20171231,2017,INDL,C,D,STD,AMD,ADVANCED MICRO DEVICES,USD,12,2622,71,0,3540,113,611,9,1325,0,152,229,0.04,1900,1936,528,43,261,5329,35,-3,1136,5100,9940.76
1161,20181231,2018,INDL,C,D,STD,AMD,ADVANCED MICRO DEVICES,USD,12,3540,95,0,4556,163,1266,10,1114,0,496,590,0.34,2586,2380,515,337,348,6475,-5,12,1556,5885,18552.3
1161,20191231,2019,INDL,C,D,STD,AMD,ADVANCED MICRO DEVICES,USD,12,4597,169,0,6028,217,2827,12,685,0,583,725,0.31,3010,3512,499,341,705,6731,38,-13,2238,6006,53656.2
1161,20201231,2020,INDL,C,D,STD,AMD,ADVANCED MICRO DEVICES,USD,12,6143,1389,0,8962,294,5837,12,531,0,1383,1600,2.1,4564,6368,518,2490,849,9763,13,0,3726,8163,111060.81
2991,20101231,2010,INDL,C,D,STD,CVX,CHEVRON CORP,USD,12,48841,3210,0,184769,19612,105081,1832,11289,5674,25619,38682,9.53,44543,117100,4617,19024,104504,189607,12360,1501,19829,150925,183182.6413
2991,20111231,2011,INDL,C,D,STD,CVX,CHEVRON CORP,USD,12,53234,3889,3412,209474,26500,121382,1832,9812,6139,38299,51210,13.54,57171,131993,4642,26895,122608,236286,19037,1893,19634,185076,210796.1688
2991,20121231,2012,INDL,C,D,STD,CVX,CHEVRON CORP,USD,12,55720,4503,0,232982,30938,136524,1832,12065,6844,35013,48426,13.42,54878,149897,4640,26179,141348,222580,17981,1703,21508,174154,210515.9217
2991,20131231,2013,INDL,C,D,STD,CVX,CHEVRON CORP,USD,12,50250,5700,0,253753,37985,149113,1832,20057,7474,27213,41399,11.18,47770,170484,4639,21423,164829,211664,12431,15,17232,170265,239028.1507
2991,20141231,2014,INDL,C,D,STD,CVX,CHEVRON CORP,USD,12,42232,6299,0,266026,35407,155028,1832,24028,7928,19726,36519,10.21,42998,180219,4593,19241,183173,192308,10319,748,10306,155789,210859.0248
2991,20151231,2015,INDL,C,D,STD,CVX,CHEVRON CORP,USD,12,35347,8250,0,266103,29504,152716,1832,33664,7992,-3357,17680,2.46,25329,187550,4588,4587,188396,122566,1993,-817,8883,104886,169377.9474
2991,20161231,2016,INDL,C,D,STD,CVX,CHEVRON CORP,USD,12,29619,10957,0,260078,18109,145556,1832,35286,8032,-6133,13324,-0.27,19041,182008,4581,-497,182186,103310,2106,-623,-2166,89986,222630.3739
2991,20171231,2017,INDL,C,D,STD,CVX,CHEVRON CORP,USD,12,28560,7657,0,253806,13404,148124,1832,33571,8132,2480,21829,4.88,27141,182890,4531,9195,177712,127485,3155,-382,823,105656,238449.6434
2991,20181231,2018,INDL,C,D,STD,CVX,CHEVRON CORP,USD,12,34021,8629,0,253863,13792,154554,1832,28733,8502,14446,33865,7.81,38913,184375,4518,14824,169207,158902,4664,-181,6850,125037,207009.746
2991,20191231,2019,INDL,C,D,STD,CVX,CHEVRON CORP,USD,12,28329,9869,0,237428,14116,144213,1832,26299,8959,100,29318,1.55,34231,171507,4463,2924,154568,139865,4657,-73,1799,110547,226820.0657
4201,20101031,2010,FS,C,D,STD,EV,EATON VANCE CORP,USD,10,499.274,228.909,,1280.607,,410.285,0.463,500,78.126,,,,,999.941,208.804,,71.219,1128.825,142.767,,,,
4201,20101031,2010,INDL,C,D,STD,EV,EATON VANCE CORP,USD,10,499.274,171.633,8.797,1280.607,12.205,410.285,0.463,500,78.126,353.282,376.507,1.47,376.507,977.874,208.804,174.298,71.219,1121.661,142.767,124.526,241.273,745.154,
4201,20111031,2011,FS,C,D,STD,EV,EATON VANCE CORP,USD,10,,146.267,,1831.3,,460.415,0.452,977.699,85.805,,,,,1539.827,209.526,,67.227,1251.003,101.976,,,,
4201,20111031,2011,INDL,C,D,STD,EV,EATON VANCE CORP,USD,10,,146.267,11.595,1831.3,10.639,460.415,0.452,977.699,85.805,437.657,461.357,1.82,461.357,1539.827,209.526,214.902,67.227,1260.031,101.976,88.051,,798.674,
4201,20121031,2012,FS,C,D,STD,EV,EATON VANCE CORP,USD,10,,160.799,,1979.491,,612.072,0.455,946.605,88.948,,,,,1658.955,213.864,,54.889,1272.621,153.863,,,,
4201,20121031,2012,INDL,C,D,STD,EV,EATON VANCE CORP,USD,10,,160.799,12.334,1979.491,4.109,612.072,0.455,946.605,88.948,392.992,417.892,1.76,417.892,1658.955,213.864,203.465,54.889,1209.036,153.863,134.027,,791.144,
4201,20131031,2013,FS,C,D,STD,EV,EATON VANCE CORP,USD,10,,164.322,,2407.249,,669.784,0.476,1165.367,218.74,,,,,1911.762,303.41,,48.746,1370.678,151.189,,,,
4201,20131031,2013,INDL,C,D,STD,EV,EATON VANCE CORP,USD,10,,164.322,86.429,2407.249,6.274,669.784,0.476,857.367,88.805,457.621,479.821,1.6,479.821,1603.762,303.41,193.841,48.746,1357.503,151.189,121.373,,877.682,
4201,20141031,2014,FS,C,D,STD,EV,EATON VANCE CORP,USD,10,,168.19,,1860.086,,655.176,0.462,725.637,109.02,,,,,1490.584,294.002,,45.651,1466.422,175.328,,,,
4201,20141031,2014,INDL,C,D,STD,EV,EATON VANCE CORP,USD,10,,168.19,0,1860.086,7.58,655.176,0.462,725.637,109.02,519.857,540.157,2.55,540.157,1490.584,294.002,304.316,45.651,1450.294,175.328,149.999,,910.137,
4201,20151031,2015,FS,C,D,STD,EV,EATON VANCE CORP,USD,10,,150.849,,2116.471,,620.231,0.453,970.85,118.719,,,,,1681.719,293.394,,44.943,1408.85,138.519,,,,
4201,20151031,2015,INDL,C,D,STD,EV,EATON VANCE CORP,USD,10,,150.849,9.085,2116.471,11.48,620.231,0.453,970.85,118.719,473.447,494.54,2,494.54,1681.719,293.394,230.299,44.943,1403.563,138.519,117.682,,909.023,
4201,20161031,2016,FS,C,D,STD,EV,EATON VANCE CORP,USD,10,,188.13,,1732.576,,703.789,0.446,323.967,122.154,,,,,1137.57,294.9,,44.427,1378.328,131.655,,,,
4201,20161031,2016,INDL,C,D,STD,EV,EATON VANCE CORP,USD,10,,180.03,10.13,1732.576,10.682,703.789,0.446,323.967,122.154,414.268,433.816,2.2,433.816,1137.57,294.9,241.307,44.427,1342.86,131.655,114.35,,909.044,
4201,20171031,2017,FS,C,D,STD,EV,EATON VANCE CORP,USD,10,,186.871,,2330.901,,1011.396,0.463,618.843,133.896,,,,,1881.926,349.493,,48.989,1549.61,159.712,,,,
4201,20171031,2017,INDL,C,D,STD,EV,EATON VANCE CORP,USD,10,,178.371,63.605,2330.901,12.698,1011.396,0.463,618.843,133.896,485.258,503.372,2.54,503.372,1881.926,349.493,282.131,48.989,1529.01,159.712,136.959,,1025.638,
4201,20181031,2018,FS,C,D,STD,EV,EATON VANCE CORP,USD,10,,191.838,,3599.328,,1107.431,0.457,1492.686,151.952,,,,,2936.214,340.566,,52.428,1736.485,131.452,,,,5268.6426
4201,20181031,2018,INDL,C,D,STD,EV,EATON VANCE CORP,USD,10,,178.738,147.322,3599.328,18.747,1107.431,0.457,1492.686,151.952,555.202,579.129,3.33,579.129,2936.214,340.566,381.938,52.428,1702.249,131.452,104.51,,1123.12,5268.6426
4201,20191031,2019,FS,C,D,STD,EV,EATON VANCE CORP,USD,10,,206.805,,4253.629,,1184.119,0.444,2237.608,162.592,,,,,3707.642,335.588,,72.798,1805.444,130.75,,,,5178.6552
4201,20191031,2019,INDL,C,D,STD,EV,EATON VANCE CORP,USD,10,,149.033,0,4253.629,34.897,1184.119,0.444,2237.608,162.592,531.071,553.649,3.63,553.649,3707.642,335.588,400.035,72.798,1683.252,130.75,100.812,,1129.603,5178.6552
4201,20201031,2020,FS,C,D,STD,EV,EATON VANCE CORP,USD,10,,227.254,,4949.298,,1323.685,0.448,2539.01,171.817,,,,,4085.549,379.856,,324.939,1770.211,48.554,,,,6855.5812
4201,20201031,2020,INDL,C,D,STD,EV,EATON VANCE CORP,USD,10,,121.137,28.8,4949.298,21.043,1323.685,0.448,2539.01,171.817,530.091,552.698,1.26,552.698,4085.549,379.856,138.516,324.939,1730.365,48.554,38.798,,1177.667,6855.5812
4503,20101231,2010,INDL,C,D,STD,XOM,EXXON MOBIL CORP,USD,12,58984,8640,,302510,26871,146839,9371,12227,8498,40122,54882,6.24,71709,164906,,30460,199548,341578,22703,1270,-3649,286696,364064.48
4503,20111231,2011,INDL,C,D,STD,XOM,EXXON MOBIL CORP,USD,12,72963,9092,0,331052,30975,154396,9512,9322,9020,54104,69687,8.43,86751,170066,,41060,214664,433526,30891,1562,-4542,363839,401253.84
4503,20121231,2012,INDL,C,D,STD,XOM,EXXON MOBIL CORP,USD,12,64460,7668,0,333795,34271,165863,9653,7928,10092,49881,65769,9.7,81486,179588,,44880,226949,420714,28132,1880,321,354945,389648.1
4503,20131231,2013,INDL,C,D,STD,XOM,EXXON MOBIL CORP,USD,12,59308,7522,0,346808,33669,174003,10077,6891,10875,40301,57483,7.37,72336,187386,,32580,243650,390247,23622,1110,-12416,332764,438702
4503,20141231,2014,INDL,C,D,STD,XOM,EXXON MOBIL CORP,USD,12,52910,8676,0,349493,32952,174399,10792,11653,11568,34082,51379,7.6,65646,192717,,32520,252668,364763,15717,1461,-11723,313384,388382.45
4503,20151231,2015,INDL,C,D,STD,XOM,EXXON MOBIL CORP,USD,12,42623,8285,0,336758,26490,170811,11612,19925,12090,12883,30931,3.85,43955,196735,,16150,251605,236810,7152,38,-11353,205879,323960.2
4503,20161231,2016,INDL,C,D,STD,XOM,EXXON MOBIL CORP,USD,12,41416,9572,0,330314,16163,167325,12157,28932,12453,936,23244,1.88,35510,202762,,7840,244224,197518,3817,41,-6222,174274,374398.48
4503,20171231,2017,INDL,C,D,STD,XOM,EXXON MOBIL CORP,USD,12,47134,9767,0,348691,15402,187688,14656,24406,13001,12074,31967,4.63,44713,218906,,19710,252630,237162,7147,17,-10637,205195,354549.96
4503,20181231,2018,INDL,C,D,STD,XOM,EXXON MOBIL CORP,USD,12,47973,10332,0,346196,19574,191794,15258,20538,13798,22124,40869,4.88,53815,219066,,20840,247101,279332,9628,501,-9165,238463,288921.03
4503,20191231,2019,INDL,C,D,STD,XOM,EXXON MOBIL CORP,USD,12,50052,9730,0,362597,24361,191650,15637,30963,14652,12766,31764,3.36,44431,229901,,14340,259651,255583,5957,-32,-13937,223819,295448.52
7163,20101231,2010,INDL,C,D,STD,SPGI,S&P GLOBAL INC,USD,12,3294.611,570.638,364.396,7046.561,115.443,2210.296,411.709,1197.965,294.048,1436.201,1586.3,2.68,3832.903,3489.356,2609.945,828.063,548.767,6168.331,428.2,245.8,613.737,4582.031,11200.4806
7163,20111231,2011,INDL,C,D,STD,SPGI,S&P GLOBAL INC,USD,12,2679,507.4,200,6427,119,1508,412,798,301,1485,1641,3.05,3846,2382,2727,911,500,6246,500,348,-451,4605,12411.72
7163,20121231,2012,INDL,C,D,STD,SPGI,S&P GLOBAL INC,USD,12,3899,209,177,7052,97,767,412,799,989,1385,1507,1.57,2990,2449,2576,437,368,4450,325,194,232,2943,15252.93
7163,20131231,2013,INDL,C,D,STD,SPGI,S&P GLOBAL INC,USD,12,2936,371,47,6061,117,1301,412,799,315,1628,1765,5.01,3291,2953,2505,1376,249,4875,401,209,564,3110,21192.2
7163,20141231,2014,INDL,C,D,STD,SPGI,S&P GLOBAL INC,USD,12,3966,140,71,6771,92,488,412,799,324,1824,1958,-0.42,3424,2148,2459,-115,206,5051,482,285,-1,3093,24202.56
7163,20151231,2015,INDL,C,D,STD,SPGI,S&P GLOBAL INC,USD,12,3296,157,2396,8183,139,194,412,3468,359,2053,2210,4.26,3641,4631,4460,1156,270,5313,235,90,388,3103,26143.416
7163,20161231,2016,INDL,C,D,STD,SPGI,S&P GLOBAL INC,USD,12,3671,218,177,8669,115,650,412,3564,380,2335,2516,8.02,3892,5345,4509,2106,271,5661,873,641,1060,3145,27777.582
7163,20171231,2017,INDL,C,D,STD,SPGI,S&P GLOBAL INC,USD,12,4324,313,83,9425,123,711,412,3170,421,2751,2931,5.84,4350,5288,4459,1496,275,6063,756,489,1110,3132,42976.78
7163,20181231,2018,INDL,C,D,STD,SPGI,S&P GLOBAL INC,USD,12,3604,425,401,9458,113,628,294,3662,503,2940,3146,7.8,4557,5966,5159,1958,270,6258,478,183,975,3112,42213.096
7163,20191231,2019,INDL,C,D,STD,SPGI,S&P GLOBAL INC,USD,12,4712,558,91,11348,115,479,294,4568,560,3227,3431,8.65,4898,7372,5082,2123,996,6699,597,303,1619,3268,66624.2
7163,20201231,2020,INDL,C,D,STD,SPGI,S&P GLOBAL INC,USD,12,5988,625,201,12537,76,509,294,4654,645,3715,3921,9.71,5350,8006,5146,2339,778,7442,706,349,2401,3521,79092.438
7648,20101231,2010,INDL,C,D,STD,NCR,NCR CORP,USD,12,2478,1324,,4361,174,883,2,10,0,119,205,0.84,1050,926,130,134,429,4819,37,-8,1062,4614,2454.589
7648,20111231,2011,INDL,C,D,STD,NCR,NCR CORP,USD,12,2515,1368,1087,5591,101,799,2,852,0,190,305,0.34,1250,1687,1343,53,365,5443,64,2,950,5138,2594.096
7648,20121231,2012,INDL,C,D,STD,NCR,NCR CORP,USD,12,3406,1208,108,6371,80,1247,2,1891,0,259,360,0.92,1446,3183,1449,146,308,5730,79,6,1664,5370,4148.144
7648,20131231,2013,INDL,C,D,STD,NCR,NCR CORP,USD,12,4339,1196,780,8108,116,1769,2,3320,0,721,914,2.68,1931,5117,2221,443,352,6123,95,-13,2458,5209,5674.396
7648,20141231,2014,INDL,C,D,STD,NCR,NCR CORP,USD,12,3088,1180,1647,8607,118,1871,2,3472,0,549,821,1.14,2066,5370,3943,191,396,6591,77,-4,1018,5770,4913.004
7648,20151231,2015,INDL,C,D,STD,NCR,NCR CORP,USD,12,2549,922,0,7635,79,720,1,3239,4,668,964,-1.09,2081,4779,3842,-178,322,6373,31,-7,768,5409,3253.18
7648,20161231,2016,INDL,C,D,STD,NCR,NCR CORP,USD,12,2757,885,0,7673,73,695,1,3001,49,632,963,1.76,2117,4562,3744,270,287,6543,82,18,792,5580,5053.776
7648,20171231,2017,INDL,C,D,STD,NCR,NCR CORP,USD,12,2830,798,8,7654,128,719,1,2939,109,710,1056,1.01,2221,4486,3685,232,341,6516,70,14,941,5460,4146.78
7648,20181231,2018,INDL,C,D,STD,NCR,NCR CORP,USD,12,3023,767,206,7761,143,395,1,2980,49,603,929,-1.16,2103,4252,3612,-88,359,6405,60,18,741,5476,2739.596
7648,20191231,2019,INDL,C,D,STD,NCR,NCR CORP,USD,12,3144,1187,203,8987,91,1104,1,3671,110,672,985,3.72,2255,5173,3852,564,804,6915,81,1,606,5930,4489.932
7648,20201231,2020,INDL,C,D,STD,NCR,NCR CORP,USD,12,2478,2382,25,8414,31,1048,1,3595,,449,813,-0.86,2038,4919,2837,-79,717,6207,,,390,5394,4850.287
8549,20101231,2010,INDL,C,D,STD,COP,CONOCOPHILLIPS,USD,12,34660,905,0,156314,9761,68562,17,26970,3175,13974,23102,7.68,26262,96079,4434,11358,82554,175752,9101,1312,7241,152650,97435.0965
8549,20111231,2011,INDL,C,D,STD,COP,CONOCOPHILLIPS,USD,12,30218,972,0,153230,13266,65224,17,25192,3632,18564,26725,9.04,29869,90926,4077,12436,84180,230859,9425,1917,2150,204134,93686.7729
8549,20121231,2012,INDL,C,D,STD,COP,CONOCOPHILLIPS,USD,12,23989,882,0,117144,14172,47987,18,23580,3278,12136,19790,6.77,22396,72007,4,8428,67263,57967,6549,63,6546,38177,70748.7858
8549,20131231,2013,INDL,C,D,STD,COP,CONOCOPHILLIPS,USD,12,19023,943,0,118057,15537,52090,18,21073,3334,11165,19562,7.43,21648,73565,0,9156,72827,54413,5193,724,3894,34851,86612.5904
8549,20141231,2014,INDL,C,D,STD,COP,CONOCOPHILLIPS,USD,12,15068,888,0,116539,17085,51911,18,22383,3525,7958,17627,5.54,20407,74656,0,6869,75444,52524,3080,188,3531,34897,85037.2382
8549,20151231,2015,INDL,C,D,STD,COP,CONOCOPHILLIPS,USD,12,8789,1063,0,97484,10050,39762,18,23453,3664,-5471,4868,-3.58,9427,63535,0,-4428,66446,29564,35,-718,-467,24696,57708.6532
8549,20161231,2016,INDL,C,D,STD,COP,CONOCOPHILLIPS,USD,12,8609,1160,0,89772,4869,34974,18,26186,1253,-4837,5166,-2.91,7293,61412,0,-3615,58331,23693,249,-9,1700,18527,62036.6677
8549,20171231,2017,INDL,C,D,STD,COP,CONOCOPHILLIPS,USD,12,16512,1107,0,73362,4591,30607,18,17128,1305,1719,9329,-0.7,10649,47929,0,-855,45683,29106,1859,79,7115,19777,64611.4032
8549,20181231,2018,INDL,C,D,STD,COP,CONOCOPHILLIPS,USD,12,13274,1344,0,69980,6750,31939,18,14856,1363,8796,15188,5.36,15862,46920,0,6257,45698,36417,3385,4,5879,21229,70976.0602
8549,20191231,2019,INDL,C,D,STD,COP,CONOCOPHILLIPS,USD,12,16913,1530,0,70514,6636,34981,18,15375,1500,6330,13372,6.43,14450,50425,0,7189,43165,32567,2711,18,9870,19195,70548.966
8549,20201231,2020,INDL,C,D,STD,COP,CONOCOPHILLIPS,USD,12,12066,1745,0,62618,4715,29849,18,15309,1831,-2865,4589,-2.51,5608,45158,0,-2701,40676,18784,349,3,6700,14195,42710.9996
12124,20101231,2010,FS,C,D,STD,MS,MORGAN STANLEY,USD,12,,13290,,807698,,47614,16,165546,2037,,,,,230953,11406,,6154,37136,1225,,,,41142.1186
12124,20101231,2010,INDL,C,D,STD,MS,MORGAN STANLEY,USD,12,,13290,1042,807698,1201,47614,16,165546,2037,12132,13551,2.64,13551,230953,11406,4684,6154,37392,1225,213,,23841,41142.1186
12124,20111231,2011,FS,C,D,STD,MS,MORGAN STANLEY,USD,12,,12106,,749898,,60541,20,149152,2664,,,,,219230,10971,,6457,40927,879,,,,29155.2982
12124,20111231,2011,INDL,C,D,STD,MS,MORGAN STANLEY,USD,12,,12106,0,749898,1304,60541,20,149152,2664,14461,15865,1.25,15865,219230,10971,4111,6457,40927,879,35,,25062,29155.2982
12124,20121231,2012,FS,C,D,STD,MS,MORGAN STANLEY,USD,12,,10511,,780960,,60601,20,144268,593,,,,,214005,10433,,5946,32007,407,,,,37743.683
12124,20121231,2012,INDL,C,D,STD,MS,MORGAN STANLEY,USD,12,,10511,0,780960,1312,60601,20,144268,593,6402,7983,-0.02,7983,214005,10433,68,5946,32007,407,-178,,24024,37743.683
12124,20131231,2013,FS,C,D,STD,MS,MORGAN STANLEY,USD,12,,10133,,832702,,62701,20,129382,641,,,,,198412,9881,,6019,36848,920,,,,60991.0918
12124,20131231,2013,INDL,C,D,STD,MS,MORGAN STANLEY,USD,12,,10133,0,832702,1316,62701,20,129382,641,10004,11515,1.39,11515,198412,9881,2932,6019,36848,920,153,,25333,60991.0918
12124,20141231,2014,FS,C,D,STD,MS,MORGAN STANLEY,USD,12,,10742,,801510,,64880,20,152772,1325,,,,,224876,9747,,6108,37661,150,,,,75698.024
12124,20141231,2014,INDL,C,D,STD,MS,MORGAN STANLEY,USD,12,,10742,0,801510,992,64880,20,132032,1325,10806,11967,1.64,11967,204136,9747,3467,6108,37661,150,-604,,25694,75698.024
12124,20151231,2015,FS,C,D,STD,MS,MORGAN STANLEY,USD,12,,9043,,787465,,67662,20,131372,2000,,,,,207556,9568,,6373,37968,1006,,,,
12124,20151231,2015,INDL,C,D,STD,MS,MORGAN STANLEY,USD,12,,9043,0,787465,1373,67662,20,131372,2000,11230,12663,2.97,12663,207556,9568,6127,6373,37968,1006,239,,25305,
12124,20161231,2016,FS,C,D,STD,MS,MORGAN STANLEY,USD,12,,15309,,814949,,68530,20,138648,2284,,,,,215825,9298,,,37949,1148,,,,78267.3645
12124,20161231,2016,INDL,C,D,STD,MS,MORGAN STANLEY,USD,12,,15309,0,814949,1276,68530,20,138648,2284,12083,13819,2.98,13819,215825,9298,5979,,37949,1148,330,,24130,78267.3645
12124,20171231,2017,FS,C,D,STD,MS,MORGAN STANLEY,USD,12,,14005,,851733,,68871,20,167193,2701,,,,,245659,9045,,,43642,1414,,,,93820.9249
12124,20171231,2017,INDL,C,D,STD,MS,MORGAN STANLEY,USD,12,,14005,0,851733,1629,68871,20,167193,2701,15913,17666,3.14,17666,245659,9045,6111,,43642,1414,476,,25976,93820.9249
12124,20181231,2018,FS,C,D,STD,MS,MORGAN STANLEY,USD,12,,13209,,853531,,71726,20,163423,2456,,,,,244829,8851,,,50193,1901,,,,67398.2199
12124,20181231,2018,INDL,C,D,STD,MS,MORGAN STANLEY,USD,12,,13209,0,853531,1865,71726,20,163423,2456,20068,21912,4.81,21912,244829,8851,8748,,50193,1901,686,,28281,67398.2199
12124,20191231,2019,FS,C,D,STD,MS,MORGAN STANLEY,USD,12,,17754,,895429,,73029,20,174436,2685,,,,,257133,9250,,,53823,1899,,,,81483.9509
12124,20191231,2019,INDL,C,D,STD,MS,MORGAN STANLEY,USD,12,,13756,0,895429,1826,73029,20,174436,2691,21820,24463,5.26,24463,257133,9250,9042,3998,53823,1899,873,,29360,81483.9509
22325,20100331,2009,INDL,C,D,STD,XLNX,XILINX INC,USD,3,1907.066,141.549,0,3184.318,28.152,2120.47,2.735,354.798,165.648,462.213,514.886,1.3,1211.931,2475.268,117.955,357.484,365.878,1833.554,6.251,-8.732,1549.905,1318.668,6973.9185
22325,20110331,2010,INDL,C,D,STD,XLNX,XILINX INC,USD,3,2622.786,165.274,0,4140.85,64.979,2414.617,2.646,890.98,169.072,805.745,857.14,2.43,1600.248,3305.597,160.476,641.875,380.57,2369.445,19.644,14.172,2254.646,1512.305,8678.9456
22325,20120331,2011,INDL,C,D,STD,XLNX,XILINX INC,USD,3,2450.309,223.733,0,4464.122,70.071,2707.685,2.636,906.569,200.361,646.542,709.768,2.01,1510.316,3614.254,185.87,530.079,394.982,2240.736,-12.354,-17.333,2107.533,1530.968,9616.5658
22325,20130331,2012,INDL,C,D,STD,XLNX,XILINX INC,USD,3,2297.639,220.048,0,4729.451,30.265,2963.296,2.636,922.666,230.469,580.732,646.567,1.86,1487.773,3885.962,195.044,487.536,365.687,2168.652,103.57,97.108,1910.851,1522.085,10063.4823
22325,20140331,2013,INDL,C,D,STD,XLNX,XILINX INC,USD,3,3067.147,236.175,0,5037.349,44.865,2752.682,2.686,993.87,267.343,758.337,823.688,2.37,1694.742,3746.552,188.163,630.388,355.089,2382.531,25.289,16.692,2077.787,1558.843,14578.93
22325,20150331,2014,INDL,C,D,STD,XLNX,XILINX INC,USD,3,3935.051,223.026,0,4898.065,29.619,2611.594,2.583,994.839,306.158,779.569,844.372,2.44,1723.787,3606.433,172.048,648.216,301.038,2377.344,74.071,61.308,2971.845,1532.972,10927.782
22325,20160331,2015,INDL,C,D,STD,XLNX,XILINX INC,USD,3,3918.933,234.57,0,4823.154,34.004,2589.893,2.537,995.835,318.988,669.881,727.259,2.14,1592.802,3585.728,165.498,550.867,283.346,2213.881,41.829,21.366,2972.847,1486.622,12032.3744
22325,20170331,2016,INDL,C,D,STD,XLNX,XILINX INC,USD,3,3880.116,275.44,0,4740.532,72.051,2507.633,2.48,995.247,332.542,699.394,749.944,2.47,1686.537,3502.88,164.863,622.512,303.825,2349.33,1.086,-19.097,2982.92,1599.386,14358.283
22325,20180331,2017,INDL,C,D,STD,XLNX,XILINX INC,USD,3,4144.486,342.644,0,5055.687,49.918,2330.235,2.534,1214.44,353.053,778.405,826.995,2.05,1829.074,3544.675,166.544,512.381,304.117,2539.004,592.057,565.765,3207.283,1712.009,18303.9545
22325,20190331,2018,INDL,C,D,STD,XLNX,XILINX INC,USD,3,3891.978,455.567,234.145,5151.348,89.045,2861.509,2.539,1234.807,364.244,970.268,1028.498,3.52,2156.472,4096.316,421.441,889.75,328.929,3059.04,111.579,90.674,3416.942,2030.542,32190.8399
22325,20200331,2019,INDL,C,D,STD,XLNX,XILINX INC,USD,3,2909.141,433.234,454.651,4693.334,129.289,2315.049,2.438,796.074,371.793,834.44,926.425,3.15,2198.132,3111.123,819.54,792.721,430.393,3162.666,30.339,-2.056,1823.46,2236.241,19002.5514
35133,20170131,2016,INDL,C,D,STD,WORK,SLACK TECHNOLOGIES INC,USD,1,,,,,,,,,,,,,,,,,,,,,,,
35133,20180131,2017,INDL,C,D,STD,WORK,SLACK TECHNOLOGIES INC,USD,1,611.924,26.583,0,697.78,22.094,-454.072,0.012,0,0,-143.851,-129.531,-0.26,208.5,519.288,8.653,-140.085,42.997,220.544,0.914,0,440.258,350.075,
35133,20190131,2018,INDL,C,D,STD,WORK,SLACK TECHNOLOGIES INC,USD,1,982.722,51.74,45.313,1198.956,57.02,-560.415,0.013,0,0,-149.908,-133.092,-0.27,366.067,841.606,63.801,-140.683,88.359,400.552,0.634,0,650.324,533.644,
35133,20200131,2019,INDL,C,D,STD,WORK,SLACK TECHNOLOGIES INC,USD,1,970.403,80.191,0,1441.706,49.626,708.81,0.056,196.378,0,-557.878,-530.751,-1.06,558.417,920.277,62.128,-571.058,300.17,630.422,2.222,0,450.463,1161.173,11512.6128
137310,20100131,2009,INDL,C,D,STD,MRVL,MARVELL TECHNOLOGY GROUP LTD,USD,1,2465.545,112.054,0,5170.94,39.814,4417.979,1.277,0.511,0,426.131,619.965,0.57,1667.881,4418.49,2210.249,353.456,342.497,2807.687,-23.702,-35.778,1898.935,2187.722,11126.2836
137310,20110131,2010,INDL,C,D,STD,MRVL,MARVELL TECHNOLOGY GROUP LTD,USD,1,3712.647,55.788,29.446,6338.157,90.173,5521.869,1.317,0,0,912.81,1085.538,1.39,2240.244,5521.869,2181.106,904.129,358.44,3611.893,4.442,1.111,3071.961,2526.355,12534.6617
137310,20120131,2011,INDL,C,D,STD,MRVL,MARVELL TECHNOLOGY GROUP LTD,USD,1,3078.961,51.625,93.916,5767.619,88.779,5014.018,1.162,0,0,614.672,752.483,1.01,2017.146,5014.018,2223.708,615.091,383.801,3393.04,7.213,8.183,2489.407,2640.557,9070.2473
137310,20130131,2012,INDL,C,D,STD,MRVL,MARVELL TECHNOLOGY GROUP LTD,USD,1,2585.346,54.82,1,5261.764,68.186,4484.595,1.017,0,98.761,306.823,449.751,0.55,1774.842,4484.595,2203.316,306.585,387.027,3168.63,-3.421,4.461,1977.458,2718.879,4702.1265
137310,20140131,2013,INDL,C,D,STD,MRVL,MARVELL TECHNOLOGY GROUP LTD,USD,1,2839.22,48.536,2.551,5451.01,66.593,4675.91,1.005,0,119.449,293.145,439.822,0.64,1848.15,4675.91,2176.245,315.32,356.165,3404.4,-12.982,5.774,2187.914,2964.578,7500.9067
137310,20150131,2014,INDL,C,D,STD,MRVL,MARVELL TECHNOLOGY GROUP LTD,USD,1,3344.04,44.923,0,5884.387,63.03,5146.089,1.03,0,122.801,430.02,551.219,0.85,1967.447,5146.089,2135.292,435.346,340.639,3706.963,9.72,9.096,2706.664,3155.744,7977.9231
137310,20160131,2015,INDL,C,D,STD,MRVL,MARVELL TECHNOLOGY GROUP LTD,USD,1,2918.626,97.013,0,5442.127,47.495,4140.123,1.015,0,122.821,24.97,137.234,-1.59,1427.459,4140.123,2109.848,-811.4,299.54,2725.828,6.25,10.756,1692.841,2588.594,4492.0122
137310,20170131,2016,INDL,C,D,STD,MRVL,MARVELL TECHNOLOGY GROUP LTD,USD,1,2280.33,41.473,0,4648.65,44.51,4027.651,1.012,0,122.292,204.465,322.957,0.04,1404.463,4027.651,2073.048,21.151,243.397,2317.674,28.385,8.289,1783.914,1994.717,7525.6327
137310,20180131,2017,INDL,C,D,STD,MRVL,MARVELL TECHNOLOGY GROUP LTD,USD,1,2363.955,50.476,0,4708.287,38.551,4141.413,0.991,0,119.251,509.33,596.387,1.05,1548.997,4141.413,2089.434,520.831,202.222,2409.17,-1.763,0.776,1942.813,1812.783,11569.6503
137310,20190131,2018,INDL,C,D,STD,MRVL,MARVELL TECHNOLOGY GROUP LTD,USD,1,1395.258,122.051,2649.465,10016.752,75.921,7306.41,1.317,1732.699,148.081,405.49,710.308,-0.3,1986.582,9039.109,8180.465,-179.094,318.978,2865.791,55.8,46.519,758.462,2155.483,12202.2644
137310,20200131,2019,INDL,C,D,STD,MRVL,MARVELL TECHNOLOGY GROUP LTD,USD,1,1537.497,748.1,1071.079,11133.235,81.921,8678.58,1.328,1554.802,159.573,-68.393,456.347,2.38,1937.957,10233.382,8379.639,1584.391,467.999,2699.161,-0.851,5.223,827.331,2242.814,15950.0832
157855,20100131,2009,INDL,C,D,STD,CRM,SALESFORCE.COM INC,USD,1,1706.159,82.45,11.999,2460.201,53.901,1043.802,0.127,458.532,0,115.272,165.072,0.65,1097.458,1515.198,90.51,80.719,89.711,1305.583,64.28,43.313,798.029,1140.511,8080.5096
157855,20110131,2010,INDL,C,D,STD,CRM,SALESFORCE.COM INC,USD,1,1074.924,129.813,403.331,3091.165,368.831,1276.491,0.133,480.345,0,97.497,171.665,0.5,1403.285,1756.836,561.602,64.474,387.174,1657.139,49.507,29.992,-201.542,1485.474,17165.4179
157855,20120131,2011,INDL,C,D,STD,CRM,SALESFORCE.COM INC,USD,1,1672.222,205.806,422.699,4164.154,171.3,1587.36,0.137,33.412,0,-35.085,117.834,-0.09,1923.322,1699.513,1034.923,-11.572,527.946,2266.539,29.399,9.344,-651.249,2148.705,16005.9216
157855,20130131,2012,INDL,C,D,STD,CRM,SALESFORCE.COM INC,USD,1,2015.88,166.131,579.745,5528.956,179.707,2317.633,0.146,,0,-110.71,100.661,-1.92,2567.065,2371.245,1799.927,-270.445,604.669,3050.195,46.178,12.896,-901.744,2949.534,25201.0369
157855,20140131,2013,INDL,C,D,STD,CRM,SALESFORCE.COM INC,USD,1,2680.252,228.202,2617.302,9152.93,299.11,3038.51,0.61,1342.101,0,-286.074,75.561,-0.39,3427.031,4407.316,4410.816,-232.175,1240.746,4071.003,29.108,-10.431,-1299.936,3995.442,36931.9558
157855,20150131,2014,INDL,C,D,STD,CRM,SALESFORCE.COM INC,USD,1,3550.072,383.06,-38.071,10692.982,290.454,3975.183,0.651,1495.981,0,-145.633,304.667,-0.42,4469.943,5471.164,4561.908,-262.688,1125.866,5373.586,52.774,0.893,-840.031,5068.919,36726.1442
157855,20160131,2015,INDL,C,D,STD,CRM,SALESFORCE.COM INC,USD,1,4347.327,299.467,484.056,12770.772,284.476,5002.869,0.671,1490.658,0,74.67,602.97,-0.07,5460.18,6493.527,4503.34,-47.426,1715.828,6667.216,111.093,40.723,-1269.678,6064.246,45663.4277
157855,20170131,2016,INDL,C,D,STD,CRM,SALESFORCE.COM INC,USD,1,5996.827,393.772,3192.739,17584.923,463.958,7500.127,0.708,2209.102,0,77.237,708.905,0.26,6689.521,9709.229,8558.104,179.632,1787.534,8391.984,76.657,0.153,-1261.526,7683.079,55960.086
157855,20180131,2017,INDL,C,D,STD,CRM,SALESFORCE.COM INC,USD,1,9290.371,615.315,25.391,21009.802,534.027,9388.496,0.73,896.874,0,234.335,987.153,0.18,8336.535,10285.37,8309.385,127.478,1946.527,10480.012,80.42,-6.733,-839.147,9492.859,83137.5552
157855,20190131,2018,INDL,C,D,STD,CRM,SALESFORCE.COM INC,USD,1,10683,1654,5115,30737,595,15605,1,3173,0,562,1420,1.48,10457,18778,14926,1110,2051,13282,156,0,-572,11862,117016.9
157855,20200131,2019,INDL,C,D,STD,CRM,SALESFORCE.COM INC,USD,1,15963,6558,369,55126,643,33885,1,5450,0,503,1405,0.15,13413,39335,25134,126,5415,17098,553,8,1118,15693,162802.83
162906,20101130,2010,INDL,C,D,STD,INFO,IHS MARKIT LTD,USD,11,552.734,4.377,334.514,2155.702,31.836,1176.081,0.662,275.095,0,195.312,254.786,2.21,612.798,1451.176,1505.398,141.315,93.193,1075.46,47.464,18.741,-25.534,820.674,4646.4877
162906,20111130,2011,INDL,C,D,STD,INFO,IHS MARKIT LTD,USD,11,698.078,9.28,730.058,3073.037,54.34,1384.729,0.675,658.911,0,180.631,268.67,2.09,722.151,2043.64,2237.261,135.415,128.418,1325.638,28.378,1.988,-118.779,1056.968,5755.4824
162906,20121130,2012,INDL,C,D,STD,INFO,IHS MARKIT LTD,USD,11,863.883,8.54,306.268,3549.211,64.732,1584.358,0.676,890.922,0,228.152,346.395,2.4,880.438,2475.28,2513.775,158.168,163.013,1529.869,46.015,17.301,-13.054,1183.474,6042.3569
162906,20131130,2013,INDL,C,D,STD,INFO,IHS MARKIT LTD,USD,11,880.84,23.562,1487.034,5359.613,90.734,1906.963,0.679,1779.065,0,241.102,399.839,1.98,1080.828,3686.028,4209.645,131.733,245.566,1840.631,57.371,15.388,-365.595,1440.792,7710.5223
162906,20141130,2014,INDL,C,D,STD,INFO,IHS MARKIT LTD,USD,11,770.587,27.991,210.395,5348.43,114.453,2159.546,0.694,1806.098,0,311.86,514.005,2.85,1342.163,3965.644,4248.433,194.549,301.419,2230.794,64.933,19.615,-184.47,1716.789,8372.8351
162906,20151130,2015,INDL,C,D,STD,INFO,IHS MARKIT LTD,USD,11,955.342,29.223,369.908,5601.081,122.921,2200.877,0.703,2095.183,0,350.25,565.33,3.51,1360.684,4296.06,4302.15,240.193,314.366,2184.335,41.34,3.574,-4.791,1619.005,8326.3844
162906,20161130,2016,INDL,C,D,STD,INFO,IHS MARKIT LTD,USD,11,933.5,25.3,1014.4,13936.6,147.6,8084.4,4.5,3279.3,0,444.3,780,0.49,1687.1,11421.4,12561.6,152.8,416.2,2734.8,4.1,-4.3,-478.9,1954.8,14915.1
162906,20171130,2017,INDL,C,D,STD,INFO,IHS MARKIT LTD,USD,11,1015,41.3,401.1,14554.4,260.2,8004.4,4.7,3617.3,0,655.9,1148.4,1.04,2244.4,11640.8,12966.8,416.9,531.3,3599.7,50.2,0.4,-891.1,2451.3,17812.304
162906,20181130,2018,INDL,C,D,STD,INFO,IHS MARKIT LTD,USD,11,1099.4,62.5,1876.2,16062.3,222.7,8020.5,4.7,4889.2,0,785.1,1326.3,1.38,2519.1,12915.6,14320.8,542.3,579.6,4009.2,96.3,12.1,-1220.9,2682.9,21193.227
162906,20191130,2019,INDL,C,D,STD,INFO,IHS MARKIT LTD,USD,11,1307.8,115.9,136.5,16087.2,278.1,8415.8,4.8,4874.4,0,986.6,1559.7,1.26,2757.6,13305.3,14005.3,502.7,658.2,4414.6,292.2,52.1,-661.4,2854.9,28936.495
162906,20201130,2020,INDL,C,D,STD,INFO,IHS MARKIT LTD,USD,11,1233.3,125.5,4.7,16135.2,274.8,8529.4,4.8,4939.4,275.5,978.2,1569.8,2.19,2697.8,13482.6,13754.8,870.7,1021.6,4287.8,147.9,-14.1,-745.5,2718,39435.89
177884,20101231,2010,INDL,C,D,STD,CXO,CONCHO RESOURCES INC,USD,12,330.633,89.001,,5368.494,2133.982,2383.874,0.103,1668.521,0,468.432,727.36,2.21,790.195,4052.395,34.973,204.37,4913.787,972.576,17.719,14.678,-176.356,245.216,9013.3527
177884,20111231,2011,INDL,C,D,STD,CXO,CONCHO RESOURCES INC,USD,12,411.023,114.91,0,6849.576,1745.59,2980.739,0.104,2080.141,0,892.135,1329.212,5.34,1431.517,5060.88,33.425,548.137,6290.118,1739.967,24.162,21.48,-290.454,410.755,9721.875
177884,20121231,2012,INDL,C,D,STD,CXO,CONCHO RESOURCES INC,USD,12,458.882,107.055,,8589.437,2773.871,3466.196,0.105,3101.103,0,723.12,1314.83,4.18,1476.071,6567.299,30.076,431.689,7993.424,1819.814,9.222,7.066,-281.204,504.984,8425.1259
177884,20131231,2013,INDL,C,D,STD,CXO,CONCHO RESOURCES INC,USD,12,520.875,95.626,0,9591.164,1879.67,3757.949,0.105,3630.421,0,741.089,1569.502,2.39,1799.108,7388.37,28.615,250.871,8946.048,2319.919,15.81,12.504,-235.993,750.417,11350.26
177884,20141231,2014,INDL,C,D,STD,CXO,CONCHO RESOURCES INC,USD,12,1188.396,348.899,0,11799.963,2589.234,5280.788,0.113,3517.32,0,198.828,1402.966,4.89,1674.622,8798.108,27.154,538.175,10206.014,2660.147,21.618,16.621,-238.797,1257.181,11272.2488
177884,20151231,2015,INDL,C,D,STD,CXO,CONCHO RESOURCES INC,USD,12,1314.55,204.986,0,12641.876,2511.403,6942.551,0.129,3332.188,0,-318.749,946.636,0.54,1201.685,10274.739,25.693,65.9,10976.947,1803.573,1.749,0.127,718.13,856.937,11991.7547
177884,20161231,2016,INDL,C,D,STD,CXO,CONCHO RESOURCES INC,USD,12,546.494,74.967,,12119.326,2457.872,7622.693,0.146,2740.58,0,-1818.321,-584.15,-10.85,-340.961,10363.273,24.232,-1462.446,11302.433,1634.988,-11.749,-11.579,-206.692,2219.138,19367.4234
177884,20171231,2017,INDL,C,D,STD,CXO,CONCHO RESOURCES INC,USD,12,592,24,0,13732,2533,8915,0,2691,0,522,1703,6.44,1979,11606,26,956,13041,2586,-4,-6,-573,883,22341.7699
177884,20181231,2018,INDL,C,D,STD,CXO,CONCHO RESOURCES INC,USD,12,1409,329,,26294,2722,18768,0,4194,0,1337,2860,13.28,3201,22962,2243,2286,22313,4151,-2,0,53,1291,20584.417
177884,20191231,2019,INDL,C,D,STD,CXO,CONCHO RESOURCES INC,USD,12,1055,416,,24732,3240,17782,0,3974,101,21,2142,-3.55,2522,21756,1934,-705,21327,4592,0,0,-127,2450,17311.6257
185112,20101231,2010,INDL,C,D,STD,IPHI,INPHI CORP,USD,12,130.564,13.716,2.499,158.957,5.165,142.686,0.025,,0,11.939,13.579,1.08,55.395,142.686,7.471,26.131,7.206,83.193,-7.144,-6.158,116.887,69.614,504.0179
185112,20111231,2011,INDL,C,D,STD,IPHI,INPHI CORP,USD,12,140.085,17.102,0,172.628,5.197,158.404,0.028,0,0,2.018,5.203,0.07,54.577,158.404,5.875,1.931,9.566,79.297,3.974,2.811,129.395,74.094,333.4687
185112,20121231,2012,INDL,C,D,STD,IPHI,INPHI CORP,USD,12,144.397,5.909,0,170.074,8.383,152.965,0.029,0,0,-7.132,-2.224,-0.73,64.23,152.965,5.875,-20.691,13.893,92.006,3.719,3.76,131.31,94.23,275.2334
185112,20131231,2013,INDL,C,D,STD,IPHI,INPHI CORP,USD,12,146.097,5.289,0,182.342,16.578,159.393,0.03,0,0,-12.302,-4.794,-0.45,73.077,159.393,5.875,-13.178,22.46,102.664,1.915,1.816,129.013,107.458,390.1476
185112,20141231,2014,INDL,C,D,STD,IPHI,INPHI CORP,USD,12,140.499,7.535,35.308,278.71,21.171,239.174,0.037,0,0,-4.666,9.447,-0.69,115.016,239.174,90.178,-22.608,35.498,156.142,1.251,0.35,108.372,146.695,689.5073
185112,20151231,2015,INDL,C,D,STD,IPHI,INPHI CORP,USD,12,378.875,4.827,0,505.046,16.557,290.67,0.039,171.701,0,8.931,35.815,-0.35,182.289,462.371,75.443,-13.551,36.28,246.616,8.125,7.304,344.897,210.801,1064.2908
185112,20161231,2016,INDL,C,D,STD,IPHI,INPHI CORP,USD,12,499.52,4.464,294.444,990.595,22.348,462.524,0.041,398.49,0,28.733,58.846,2.45,210.099,861.014,432.14,99.456,44.471,266.277,0.951,0.938,433.25,207.431,1842.9399
185112,20171231,2017,INDL,C,D,STD,IPHI,INPHI CORP,USD,12,517.109,2.618,1.8,917.506,37.437,411.401,0.043,422.288,0,-9.785,68.07,-1.78,265.252,833.689,327.435,-74.904,60.344,348.201,1.252,0.096,457.062,280.131,1565.748
185112,20181231,2018,INDL,C,D,STD,IPHI,INPHI CORP,USD,12,511.28,4.651,0,889.873,31.713,366.694,0.044,447.825,0,-67.905,14.814,-2.19,219.444,814.519,284.949,-95.751,70.74,294.49,0.417,0,446.837,279.676,1424.02
185112,20191231,2019,INDL,C,D,STD,IPHI,INPHI CORP,USD,12,555.625,6.996,0,976.006,29.518,346.601,0.046,299.785,0,-47.51,44.454,-1.61,272.182,646.386,272.792,-72.911,113.139,365.635,0.059,0,263.848,321.181,3398.1842
185112,20201231,2020,INDL,C,D,STD,IPHI,INPHI CORP,USD,12,399.894,30.61,214.731,1008.236,74.823,353.71,0.053,405.689,,18.494,,-1.2,376.09,759.399,413.321,-59.744,164.411,682.954,,,209.377,664.46,8354.3891
264397,20101231,2010,INDL,C,D,STD,CATM,CARDTRONICS PLC,USD,12,54.959,10.563,0,455.315,48.069,42.391,0.004,251.757,0,69.61,127.805,0.98,171.686,296.011,233.328,40.959,156.465,532.078,1.598,0.015,-44.035,404.273,758.1441
264397,20111231,2011,INDL,C,D,STD,CATM,CARDTRONICS PLC,USD,12,94.43,33.365,167.568,712.801,64.418,111.588,0.004,368.632,0,83.003,148.879,1.6,204.461,481.777,377.475,70.233,191.331,624.576,1.688,-0.086,-45.2,475.697,1190.6129
264397,20121231,2012,INDL,C,D,STD,CATM,CARDTRONICS PLC,USD,12,115.749,33.432,20.961,768.892,89.579,147.467,0.005,353.352,0,95.626,178.837,0.97,244.362,502.156,383.473,43.591,236.238,780.449,1.315,0.503,-12.988,601.612,1059.7773
264397,20131231,2013,INDL,C,D,STD,CATM,CARDTRONICS PLC,USD,12,206.772,21.931,189.587,1056.203,71.562,248.911,0.005,489.225,0,109.966,205.782,0.52,289.869,736.339,556.534,23.816,270.966,876.486,33.485,26.766,-8.023,670.704,1928.1372
264397,20141231,2014,INDL,C,D,STD,CATM,CARDTRONICS PLC,USD,12,197.405,43.363,226.972,1255.79,108,290.146,0.005,612.662,0,125.913,237.303,0.83,350.773,899.197,679.227,37.14,335.795,1054.821,25.136,19.033,-53.517,817.518,1719.202
264397,20151231,2015,INDL,C,D,STD,CATM,CARDTRONICS PLC,USD,12,213.524,39.719,103.874,1327.003,138.262,369.774,0.005,575.399,0,153.034,276.863,1.5,417.364,945.192,698.272,67.08,375.488,1200.301,28.349,19.59,-64.116,923.438,1512.7021
264397,20161231,2016,INDL,C,D,STD,CATM,CARDTRONICS PLC,USD,12,269.537,49.649,22.669,1364.696,125.882,457.015,0.453,502.539,0,169.72,297.495,1.95,451.277,959.474,652.775,87.991,392.735,1265.364,,,-44.283,967.869,2473.4398
264397,20171231,2017,INDL,C,D,STD,CATM,CARDTRONICS PLC,USD,12,315.332,66.163,487.077,1862.716,144.14,390.472,0.457,917.721,0,154.34,334.242,-3.19,508.479,1308.114,983.319,-145.35,497.902,1507.599,,,-67.218,1173.357,846.2899
264397,20181231,2018,INDL,C,D,STD,CATM,CARDTRONICS PLC,USD,12,366.831,62.97,1.15,1787.344,107.205,376.869,0.461,818.485,0,97.86,276.97,0.08,447.46,1195.257,897.356,3.676,460.187,1345.243,,,-61.905,1068.273,1199.484
264397,20191231,2019,INDL,C,D,STD,CATM,CARDTRONICS PLC,USD,12,308.521,54.219,9.1,1763.958,124.906,380.432,0.447,809.006,0,107.015,286.952,1.06,464.426,1189.332,863.393,48.274,537.825,1349.405,,,-125.863,1062.453,1994.7834
